url,reason,detail,at
"https://www.homedepot.com/s/1000003011","no_product","Missing sku/internet/name","2026-01-03T03:18:17.125Z"
"https://www.homedepot.com/p/203905882","no_product","Missing sku/internet/name","2026-01-03T03:18:17.125Z"
"https://www.homedepot.com/s/1003315979","no_product","Missing sku/internet/name","2026-01-03T03:20:25.088Z"
"https://www.homedepot.com/s/1003540153","no_product","Missing sku/internet/name","2026-01-03T03:20:25.088Z"
"https://www.homedepot.com/s/1003540154","no_product","Missing sku/internet/name","2026-01-03T03:20:25.088Z"
"https://www.homedepot.com/p/306713149","no_product","Missing sku/internet/name","2026-01-03T03:20:25.270Z"
"https://www.homedepot.com/p/306713143","no_product","Missing sku/internet/name","2026-01-03T03:20:25.270Z"
"https://www.homedepot.com/s/1003843567","no_product","Missing sku/internet/name","2026-01-03T03:20:25.270Z"
"https://www.homedepot.com/s/1006225099","no_product","Missing sku/internet/name","2026-01-03T03:22:42.075Z"
"https://www.homedepot.com/p/315605735","no_product","Missing sku/internet/name","2026-01-03T03:22:42.075Z"
"https://www.homedepot.com/p/315868467","no_product","Missing sku/internet/name","2026-01-03T03:22:42.075Z"
"https://www.homedepot.com/p/319324526","no_product","Missing sku/internet/name","2026-01-03T03:23:22.349Z"
"https://www.homedepot.com/s/1007114150","no_product","Missing sku/internet/name","2026-01-03T03:23:22.349Z"
"https://www.homedepot.com/p/318754570","no_product","Missing sku/internet/name","2026-01-03T03:23:22.349Z"
"https://www.homedepot.com/p/319015606","no_product","Missing sku/internet/name","2026-01-03T03:23:26.919Z"
"https://www.homedepot.com/p/314925494","no_product","Missing sku/internet/name","2026-01-03T03:23:26.919Z"
"https://www.homedepot.com/p/314925505","no_product","Missing sku/internet/name","2026-01-03T03:23:26.919Z"
"https://www.homedepot.com/s/1007189591","no_product","Missing sku/internet/name","2026-01-03T03:23:31.614Z"
"https://www.homedepot.com/s/1007189599","no_product","Missing sku/internet/name","2026-01-03T03:23:31.614Z"
"https://www.homedepot.com/s/1007189606","no_product","Missing sku/internet/name","2026-01-03T03:23:31.614Z"
"https://www.homedepot.com/s/1007189607","no_product","Missing sku/internet/name","2026-01-03T03:23:36.409Z"
"https://www.homedepot.com/p/319526973","no_product","Missing sku/internet/name","2026-01-03T03:23:36.409Z"
"https://www.homedepot.com/p/319526229","no_product","Missing sku/internet/name","2026-01-03T03:23:36.409Z"
"https://www.homedepot.com/p/319526965","no_product","Missing sku/internet/name","2026-01-03T03:23:41.156Z"
"https://www.homedepot.com/p/319621412","no_product","Missing sku/internet/name","2026-01-03T03:23:41.156Z"
"https://www.homedepot.com/p/319478164","no_product","Missing sku/internet/name","2026-01-03T03:23:41.156Z"
"https://www.homedepot.com/p/319166583","no_product","Missing sku/internet/name","2026-01-03T03:23:45.839Z"
"https://www.homedepot.com/p/330043729","no_product","Missing sku/internet/name","2026-01-03T03:23:45.839Z"
"https://www.homedepot.com/p/319433126","no_product","Missing sku/internet/name","2026-01-03T03:23:45.839Z"
"https://www.homedepot.com/p/319933210","no_product","Missing sku/internet/name","2026-01-03T03:23:50.452Z"
"https://www.homedepot.com/p/319908313","no_product","Missing sku/internet/name","2026-01-03T03:23:50.452Z"
"https://www.homedepot.com/p/320034814","no_product","Missing sku/internet/name","2026-01-03T03:23:50.452Z"
"https://www.homedepot.com/p/320038340","no_product","Missing sku/internet/name","2026-01-03T03:23:55.105Z"
"https://www.homedepot.com/p/320038357","no_product","Missing sku/internet/name","2026-01-03T03:23:55.105Z"
"https://www.homedepot.com/p/320038343","no_product","Missing sku/internet/name","2026-01-03T03:23:55.105Z"
"https://www.homedepot.com/s/1007611508","no_product","Missing sku/internet/name","2026-01-03T03:24:04.901Z"
"https://www.homedepot.com/p/319247691","no_product","Missing sku/internet/name","2026-01-03T03:24:04.901Z"
"https://www.homedepot.com/s/1007619831","no_product","Missing sku/internet/name","2026-01-03T03:24:04.901Z"
"https://www.homedepot.com/p/320266818","no_product","Missing sku/internet/name","2026-01-03T03:24:09.544Z"
"https://www.homedepot.com/p/320064827","no_product","Missing sku/internet/name","2026-01-03T03:24:09.544Z"
"https://www.homedepot.com/s/1007682139","no_product","Missing sku/internet/name","2026-01-03T03:24:09.544Z"
"https://www.homedepot.com/s/1007804456","no_product","Missing sku/internet/name","2026-01-03T03:24:14.114Z"
"https://www.homedepot.com/s/1007810566","no_product","Missing sku/internet/name","2026-01-03T03:24:14.114Z"
"https://www.homedepot.com/p/320827784","no_product","Missing sku/internet/name","2026-01-03T03:24:14.114Z"
"https://www.homedepot.com/p/304905712","no_product","Missing sku/internet/name","2026-01-03T03:24:18.742Z"
"https://www.homedepot.com/p/321455216","no_product","Missing sku/internet/name","2026-01-03T03:24:18.742Z"
"https://www.homedepot.com/p/321253863","no_product","Missing sku/internet/name","2026-01-03T03:24:18.742Z"
"https://www.homedepot.com/s/1008127312","no_product","Missing sku/internet/name","2026-01-03T03:24:23.372Z"
"https://www.homedepot.com/p/322158597","no_product","Missing sku/internet/name","2026-01-03T03:24:23.372Z"
"https://www.homedepot.com/p/320822819","no_product","Missing sku/internet/name","2026-01-03T03:24:23.372Z"
"https://www.homedepot.com/p/322631614","no_product","Missing sku/internet/name","2026-01-03T03:24:27.992Z"
"https://www.homedepot.com/p/322838913","no_product","Missing sku/internet/name","2026-01-03T03:24:27.992Z"
"https://www.homedepot.com/s/1008665208","no_product","Missing sku/internet/name","2026-01-03T03:24:27.992Z"
"https://www.homedepot.com/p/323079980","no_product","Missing sku/internet/name","2026-01-03T03:24:32.562Z"
"https://www.homedepot.com/p/322907308","no_product","Missing sku/internet/name","2026-01-03T03:24:32.562Z"
"https://www.homedepot.com/p/323044933","no_product","Missing sku/internet/name","2026-01-03T03:24:32.562Z"
"https://www.homedepot.com/p/323405299","no_product","Missing sku/internet/name","2026-01-03T03:24:37.165Z"
"https://www.homedepot.com/p/323405346","no_product","Missing sku/internet/name","2026-01-03T03:24:37.165Z"
"https://www.homedepot.com/p/323706204","no_product","Missing sku/internet/name","2026-01-03T03:24:37.165Z"
"https://www.homedepot.com/p/323775523","no_product","Missing sku/internet/name","2026-01-03T03:24:41.742Z"
"https://www.homedepot.com/p/322630767","no_product","Missing sku/internet/name","2026-01-03T03:24:41.742Z"
"https://www.homedepot.com/p/323420719","no_product","Missing sku/internet/name","2026-01-03T03:24:41.742Z"
"https://www.homedepot.com/s/1009023287","no_product","Missing sku/internet/name","2026-01-03T03:24:46.360Z"
"https://www.homedepot.com/p/323830662","no_product","Missing sku/internet/name","2026-01-03T03:24:46.360Z"
"https://www.homedepot.com/p/323987235","no_product","Missing sku/internet/name","2026-01-03T03:24:46.360Z"
"https://www.homedepot.com/s/1009121993","no_product","Missing sku/internet/name","2026-01-03T03:24:50.958Z"
"https://www.homedepot.com/p/324293761","no_product","Missing sku/internet/name","2026-01-03T03:24:50.958Z"
"https://www.homedepot.com/s/1009186909","no_product","Missing sku/internet/name","2026-01-03T03:24:50.958Z"
"https://www.homedepot.com/p/324593576","no_product","Missing sku/internet/name","2026-01-03T03:24:55.580Z"
"https://www.homedepot.com/p/324324035","no_product","Missing sku/internet/name","2026-01-03T03:24:55.580Z"
"https://www.homedepot.com/p/324651961","no_product","Missing sku/internet/name","2026-01-03T03:24:55.580Z"
"https://www.homedepot.com/p/324308359","no_product","Missing sku/internet/name","2026-01-03T03:25:00.182Z"
"https://www.homedepot.com/p/324812008","no_product","Missing sku/internet/name","2026-01-03T03:25:00.182Z"
"https://www.homedepot.com/p/324795779","no_product","Missing sku/internet/name","2026-01-03T03:25:00.182Z"
"https://www.homedepot.com/s/1009493223","no_product","Missing sku/internet/name","2026-01-03T03:25:04.669Z"
"https://www.homedepot.com/p/325477214","no_product","Missing sku/internet/name","2026-01-03T03:25:04.669Z"
"https://www.homedepot.com/p/326734787","no_product","Missing sku/internet/name","2026-01-03T04:28:04.441Z"
"https://www.homedepot.com/p/326882450","no_product","Missing sku/internet/name","2026-01-03T04:28:04.441Z"
"https://www.homedepot.com/p/327163212","no_product","Missing sku/internet/name","2026-01-03T04:28:04.441Z"
"https://www.homedepot.com/p/202284582","no_product","Missing sku/internet/name","2026-01-03T04:30:12.701Z"
"https://www.homedepot.com/s/318611","no_product","Missing sku/internet/name","2026-01-03T04:30:12.701Z"
"https://www.homedepot.com/s/318650","no_product","Missing sku/internet/name","2026-01-03T04:30:12.701Z"
"https://www.homedepot.com/p/202304654","no_product","Missing sku/internet/name","2026-01-03T04:30:12.878Z"
"https://www.homedepot.com/p/100389860","no_product","Missing sku/internet/name","2026-01-03T04:30:12.878Z"
"https://www.homedepot.com/p/310338146","no_product","Missing sku/internet/name","2026-01-03T04:30:12.878Z"
"https://www.homedepot.com/p/308408362","no_product","Missing sku/internet/name","2026-01-03T04:30:34.776Z"
"https://www.homedepot.com/p/202077089","no_product","Missing sku/internet/name","2026-01-03T04:30:34.776Z"
"https://www.homedepot.com/p/203674047","no_product","Missing sku/internet/name","2026-01-03T04:30:34.776Z"
"https://www.homedepot.com/s/483420","no_product","Missing sku/internet/name","2026-01-03T04:30:34.962Z"
"https://www.homedepot.com/p/202523810","no_product","Missing sku/internet/name","2026-01-03T04:30:34.962Z"
"https://www.homedepot.com/s/488493","no_product","Missing sku/internet/name","2026-01-03T04:30:34.962Z"
"https://www.homedepot.com/s/495681","timeout","","2026-01-03T04:31:20.084Z"
"https://www.homedepot.com/p/100387751","timeout","","2026-01-03T04:31:20.178Z"
"https://www.homedepot.com/p/100387754","timeout","","2026-01-03T04:31:20.273Z"
"https://www.homedepot.com/s/523138","no_product","Missing sku/internet/name","2026-01-03T04:31:29.766Z"
"https://www.homedepot.com/p/300861777","no_product","Missing sku/internet/name","2026-01-03T04:31:29.766Z"
"https://www.homedepot.com/p/202868026","no_product","Missing sku/internet/name","2026-01-03T04:31:29.766Z"
"https://www.homedepot.com/s/532519","no_product","Missing sku/internet/name","2026-01-03T04:31:34.776Z"
"https://www.homedepot.com/s/535389","no_product","Missing sku/internet/name","2026-01-03T04:31:34.776Z"
"https://www.homedepot.com/p/202039344","no_product","Missing sku/internet/name","2026-01-03T04:31:34.776Z"
"https://www.homedepot.com/s/538443","no_product","Missing sku/internet/name","2026-01-03T04:31:34.777Z"
"https://www.homedepot.com/s/538971","no_product","Missing sku/internet/name","2026-01-03T04:31:34.777Z"
"https://www.homedepot.com/p/301289368","no_product","Missing sku/internet/name","2026-01-03T04:31:34.777Z"
"https://www.homedepot.com/p/300861956","no_product","Missing sku/internet/name","2026-01-03T04:31:34.778Z"
"https://www.homedepot.com/s/571865","no_product","Missing sku/internet/name","2026-01-03T04:31:34.778Z"
"https://www.homedepot.com/p/100404127","no_product","Missing sku/internet/name","2026-01-03T04:31:34.778Z"
"https://www.homedepot.com/p/100404128","no_product","Missing sku/internet/name","2026-01-03T04:31:39.267Z"
"https://www.homedepot.com/p/202304709","no_product","Missing sku/internet/name","2026-01-03T04:31:39.267Z"
"https://www.homedepot.com/p/300862241","no_product","Missing sku/internet/name","2026-01-03T04:31:39.267Z"
"https://www.homedepot.com/s/589572","no_product","Missing sku/internet/name","2026-01-03T04:31:43.775Z"
"https://www.homedepot.com/p/300862055","no_product","Missing sku/internet/name","2026-01-03T04:31:43.775Z"
"https://www.homedepot.com/p/202046213","no_product","Missing sku/internet/name","2026-01-03T04:31:43.775Z"
"https://www.homedepot.com/p/204583745","no_product","Missing sku/internet/name","2026-01-03T04:31:48.764Z"
"https://www.homedepot.com/p/100684051","no_product","Missing sku/internet/name","2026-01-03T04:31:48.764Z"
"https://www.homedepot.com/p/100208442","no_product","Missing sku/internet/name","2026-01-03T04:31:48.764Z"
"https://www.homedepot.com/p/202894296","no_product","Missing sku/internet/name","2026-01-03T04:31:48.765Z"
"https://www.homedepot.com/p/202935623","no_product","Missing sku/internet/name","2026-01-03T04:31:48.765Z"
"https://www.homedepot.com/p/202046215","no_product","Missing sku/internet/name","2026-01-03T04:31:48.765Z"
"https://www.homedepot.com/p/202819638","no_product","Missing sku/internet/name","2026-01-03T04:31:48.766Z"
"https://www.homedepot.com/s/652245","no_product","Missing sku/internet/name","2026-01-03T04:31:48.766Z"
"https://www.homedepot.com/p/204620762","no_product","Missing sku/internet/name","2026-01-03T04:31:48.766Z"
"https://www.homedepot.com/p/206458278","no_product","Missing sku/internet/name","2026-01-03T04:31:53.762Z"
"https://www.homedepot.com/s/697843","no_product","Missing sku/internet/name","2026-01-03T04:31:53.762Z"
"https://www.homedepot.com/s/698733","no_product","Missing sku/internet/name","2026-01-03T04:31:53.762Z"
"https://www.homedepot.com/p/100684052","no_product","Missing sku/internet/name","2026-01-03T04:31:53.764Z"
"https://www.homedepot.com/s/705994","no_product","Missing sku/internet/name","2026-01-03T04:31:53.764Z"
"https://www.homedepot.com/s/710257","no_product","Missing sku/internet/name","2026-01-03T04:31:53.764Z"
"https://www.homedepot.com/p/203419431","no_product","Missing sku/internet/name","2026-01-03T04:31:58.765Z"
"https://www.homedepot.com/p/100045025","no_product","Missing sku/internet/name","2026-01-03T04:31:58.765Z"
"https://www.homedepot.com/p/205719461","no_product","Missing sku/internet/name","2026-01-03T04:31:58.765Z"
"https://www.homedepot.com/p/202066688","no_product","Missing sku/internet/name","2026-01-03T04:32:03.276Z"
"https://www.homedepot.com/p/206458282","no_product","Missing sku/internet/name","2026-01-03T04:32:03.276Z"
"https://www.homedepot.com/s/744666","no_product","Missing sku/internet/name","2026-01-03T04:32:03.276Z"
"https://www.homedepot.com/p/100658400","no_product","Missing sku/internet/name","2026-01-03T04:32:08.768Z"
"https://www.homedepot.com/p/100658411","no_product","Missing sku/internet/name","2026-01-03T04:32:08.768Z"
"https://www.homedepot.com/s/768816","no_product","Missing sku/internet/name","2026-01-03T04:32:08.768Z"
"https://www.homedepot.com/s/769325","no_product","Missing sku/internet/name","2026-01-03T04:32:08.769Z"
"https://www.homedepot.com/p/204620414","no_product","Missing sku/internet/name","2026-01-03T04:32:08.769Z"
"https://www.homedepot.com/p/203891777","no_product","Missing sku/internet/name","2026-01-03T04:32:08.769Z"
"https://www.homedepot.com/s/895946","no_product","Missing sku/internet/name","2026-01-03T04:32:13.687Z"
"https://www.homedepot.com/p/202050855","no_product","Missing sku/internet/name","2026-01-03T04:32:13.687Z"
"https://www.homedepot.com/p/100036128","no_product","Missing sku/internet/name","2026-01-03T04:32:13.687Z"
"https://www.homedepot.com/p/204149117","no_product","Missing sku/internet/name","2026-01-03T04:32:13.766Z"
"https://www.homedepot.com/p/202493976","no_product","Missing sku/internet/name","2026-01-03T04:32:13.766Z"
"https://www.homedepot.com/s/947310","no_product","Missing sku/internet/name","2026-01-03T04:32:13.766Z"
"https://www.homedepot.com/s/948300","no_product","Missing sku/internet/name","2026-01-03T04:32:13.827Z"
"https://www.homedepot.com/s/973646","no_product","Missing sku/internet/name","2026-01-03T04:32:13.827Z"
"https://www.homedepot.com/p/202327305","no_product","Missing sku/internet/name","2026-01-03T04:32:13.827Z"